{
	"parent": "minecraft:item/handheld",
	"texture_size": [32, 32],
	"textures": {
		"layer0": "minecraft:weapons/2hand/przeklete-ostrze"
	},
	"gui_light": "front",
	"display": {
		"thirdperson_righthand": {
			"rotation": [-45, 0, 135],
			"translation": [-19, -1, 0],
			"scale": [2.5, 2.5, 1.75]
		},
		"thirdperson_lefthand": {
			"rotation": [-45, 0, 45],
			"translation": [-19, -1, 0],
			"scale": [2.5, 2.5, 1.75]
		},
		"ground": {
			"translation": [0, 0, 0],
			"scale": [0.5, 0.5, 0.5]
		}
	}
}