{
	"credit": "www.sebxter.pl",
	"texture_size": [64, 64],
	"textures": {
		"0": "sebxter:cosmetic/wings_2/wings_1",
		"particle": "sebxter:cosmetic/wings_2/wings_1"
	},
	"elements": [
		{
			"from": [20.89264, 2.23475, -1.98816],
			"to": [20.89264, 7.22883, 17.98816],
			"rotation": {"angle": 22.5, "axis": "z", "origin": [15.99778, 8.52469, 8]},
			"faces": {
				"east": {"uv": [2, 0, 0, 8], "rotation": 90, "texture": "#0"},
				"west": {"uv": [2, 8, 0, 0], "rotation": 90, "texture": "#0"}
			}
		},
		{
			"from": [15.38191, 11.06928, -1.98816],
			"to": [20.37599, 11.06928, 17.98816],
			"rotation": {"angle": -22.5, "axis": "z", "origin": [15.99778, 8.52469, 8]},
			"faces": {
				"up": {"uv": [4, 0, 2, 8], "texture": "#0"},
				"down": {"uv": [4, 8, 2, 0], "texture": "#0"}
			}
		},
		{
			"from": [12.36821, 10.75918, -1.98816],
			"to": [17.36229, 10.75918, 17.98816],
			"rotation": {"angle": 22.5, "axis": "z", "origin": [15.99778, 8.52469, 8]},
			"faces": {
				"up": {"uv": [6, 0, 4, 8], "texture": "#0"},
				"down": {"uv": [6, 8, 4, 0], "texture": "#0"}
			}
		},
		{
			"from": [8.5059, 11.97799, -1.98816],
			"to": [13.49998, 11.97799, 17.98816],
			"rotation": {"angle": 45, "axis": "z", "origin": [15.99778, 8.52469, 8]},
			"faces": {
				"up": {"uv": [8, 0, 6, 8], "texture": "#0"},
				"down": {"uv": [8, 8, 6, 0], "texture": "#0"}
			}
		},
		{
			"from": [15.41396, 19.37447, -1.97632],
			"to": [20.40804, 19.37447, 18],
			"rotation": {"angle": 22.5, "axis": "z", "origin": [17.911, 19.37447, 8.01184]},
			"faces": {
				"up": {"uv": [10, 0, 8, 8], "texture": "#0"},
				"down": {"uv": [10, 8, 8, 0], "texture": "#0"}
			}
		},
		{
			"from": [14.64808, 13.61581, -1.97632],
			"to": [14.64808, 18.60989, 18],
			"rotation": {"angle": -22.5, "axis": "z", "origin": [14.64808, 16.11285, 8.01184]},
			"faces": {
				"east": {"uv": [12, 8, 10, 0], "rotation": 270, "texture": "#0"},
				"west": {"uv": [12, 0, 10, 8], "rotation": 270, "texture": "#0"}
			}
		},
		{
			"from": [10.47179, 10.4811, -1.97632],
			"to": [15.46587, 10.4811, 18],
			"rotation": {"angle": 45, "axis": "z", "origin": [10.56702, 10.00335, 8.01184]},
			"faces": {
				"up": {"uv": [14, 0, 12, 8], "texture": "#0"},
				"down": {"uv": [14, 8, 12, 0], "texture": "#0"}
			}
		},
		{
			"from": [10.08834, 5.10488, -1.97632],
			"to": [10.08834, 10.09896, 18],
			"rotation": {"angle": -22.5, "axis": "z", "origin": [10.56609, 10.00373, 8.01184]},
			"faces": {
				"east": {"uv": [16, 8, 14, 0], "rotation": 270, "texture": "#0"},
				"west": {"uv": [16, 0, 14, 8], "rotation": 270, "texture": "#0"}
			}
		},
		{
			"from": [19.34783, 12.39106, -1.97632],
			"to": [24.34191, 12.39106, 18],
			"rotation": {"angle": -45, "axis": "z", "origin": [17.39732, 7.16544, 8.01184]},
			"faces": {
				"up": {"uv": [2, 8, 0, 16], "texture": "#0"},
				"down": {"uv": [2, 16, 0, 8], "texture": "#0"}
			}
		},
		{
			"from": [17.97843, 7.36353, -1.97632],
			"to": [22.97251, 7.36353, 18],
			"rotation": {"angle": 22.5, "axis": "z", "origin": [17.39732, 7.16544, 8.01184]},
			"faces": {
				"up": {"uv": [4, 8, 2, 16], "texture": "#0"},
				"down": {"uv": [4, 16, 2, 8], "texture": "#0"}
			}
		},
		{
			"from": [12.86431, 7.56984, -1.97632],
			"to": [17.85839, 7.56984, 18],
			"rotation": {"angle": 0, "axis": "z", "origin": [17.39732, 7.16544, 8.01184]},
			"faces": {
				"up": {"uv": [6, 8, 4, 16], "texture": "#0"},
				"down": {"uv": [6, 16, 4, 8], "texture": "#0"}
			}
		},
		{
			"from": [8.37043, 9.27468, -1.97632],
			"to": [13.36451, 9.27468, 18],
			"rotation": {"angle": 22.5, "axis": "z", "origin": [17.39732, 7.16544, 8.01184]},
			"faces": {
				"up": {"uv": [8, 8, 6, 16], "texture": "#0"},
				"down": {"uv": [8, 16, 6, 8], "texture": "#0"}
			}
		},
		{
			"from": [16.45476, -3.25253, -1.97632],
			"to": [21.44884, -3.25253, 18],
			"rotation": {"angle": -22.5, "axis": "z", "origin": [14.50424, -8.47815, 8.01184]},
			"faces": {
				"up": {"uv": [10, 8, 8, 16], "texture": "#0"},
				"down": {"uv": [10, 16, 8, 8], "texture": "#0"}
			}
		},
		{
			"from": [14.8045, -0.39624, -1.97632],
			"to": [19.79858, -0.39624, 18],
			"rotation": {"angle": -45, "axis": "z", "origin": [14.22338, -0.59434, 8.01184]},
			"faces": {
				"up": {"uv": [12, 8, 10, 16], "texture": "#0"},
				"down": {"uv": [12, 16, 10, 8], "texture": "#0"}
			}
		},
		{
			"from": [14.62849, -1.05471, -1.97632],
			"to": [14.62849, 3.93937, 18],
			"rotation": {"angle": 22.5, "axis": "z", "origin": [14.22409, -0.59363, 8.01184]},
			"faces": {
				"east": {"uv": [14, 8, 12, 16], "rotation": 90, "texture": "#0"},
				"west": {"uv": [14, 16, 12, 8], "rotation": 90, "texture": "#0"}
			}
		},
		{
			"from": [6.75531, 2.3658, -1.97632],
			"to": [11.74939, 2.3658, 18],
			"rotation": {"angle": -22.5, "axis": "z", "origin": [15.7822, 0.25655, 8.01184]},
			"faces": {
				"up": {"uv": [16, 8, 14, 16], "texture": "#0"},
				"down": {"uv": [16, 16, 14, 8], "texture": "#0"}
			}
		},
		{
			"from": [-4.89264, 2.23475, -1.98816],
			"to": [-4.89264, 7.22883, 17.98816],
			"rotation": {"angle": -22.5, "axis": "z", "origin": [0.00222, 8.52469, 8]},
			"faces": {
				"east": {"uv": [2, 0, 0, 8], "rotation": 90, "texture": "#0"},
				"west": {"uv": [2, 8, 0, 0], "rotation": 90, "texture": "#0"}
			}
		},
		{
			"from": [-4.37599, 11.06928, -1.98816],
			"to": [0.61809, 11.06928, 17.98816],
			"rotation": {"angle": 22.5, "axis": "z", "origin": [0.00222, 8.52469, 8]},
			"faces": {
				"up": {"uv": [2, 0, 4, 8], "texture": "#0"},
				"down": {"uv": [2, 8, 4, 0], "texture": "#0"}
			}
		},
		{
			"from": [-1.36229, 10.75918, -1.98816],
			"to": [3.63179, 10.75918, 17.98816],
			"rotation": {"angle": -22.5, "axis": "z", "origin": [0.00222, 8.52469, 8]},
			"faces": {
				"up": {"uv": [4, 0, 6, 8], "texture": "#0"},
				"down": {"uv": [4, 8, 6, 0], "texture": "#0"}
			}
		},
		{
			"from": [2.50002, 11.97799, -1.98816],
			"to": [7.4941, 11.97799, 17.98816],
			"rotation": {"angle": -45, "axis": "z", "origin": [0.00222, 8.52469, 8]},
			"faces": {
				"up": {"uv": [6, 0, 8, 8], "texture": "#0"},
				"down": {"uv": [6, 8, 8, 0], "texture": "#0"}
			}
		},
		{
			"from": [-4.40804, 19.37447, -1.97632],
			"to": [0.58604, 19.37447, 18],
			"rotation": {"angle": -22.5, "axis": "z", "origin": [-1.911, 19.37447, 8.01184]},
			"faces": {
				"up": {"uv": [8, 0, 10, 8], "texture": "#0"},
				"down": {"uv": [8, 8, 10, 0], "texture": "#0"}
			}
		},
		{
			"from": [1.35192, 13.61581, -1.97632],
			"to": [1.35192, 18.60989, 18],
			"rotation": {"angle": 22.5, "axis": "z", "origin": [1.35192, 16.11285, 8.01184]},
			"faces": {
				"east": {"uv": [12, 8, 10, 0], "rotation": 270, "texture": "#0"},
				"west": {"uv": [12, 0, 10, 8], "rotation": 270, "texture": "#0"}
			}
		},
		{
			"from": [0.53413, 10.4811, -1.97632],
			"to": [5.52821, 10.4811, 18],
			"rotation": {"angle": -45, "axis": "z", "origin": [5.43298, 10.00335, 8.01184]},
			"faces": {
				"up": {"uv": [12, 0, 14, 8], "texture": "#0"},
				"down": {"uv": [12, 8, 14, 0], "texture": "#0"}
			}
		},
		{
			"from": [5.91166, 5.10488, -1.97632],
			"to": [5.91166, 10.09896, 18],
			"rotation": {"angle": 22.5, "axis": "z", "origin": [5.43391, 10.00373, 8.01184]},
			"faces": {
				"east": {"uv": [16, 8, 14, 0], "rotation": 270, "texture": "#0"},
				"west": {"uv": [16, 0, 14, 8], "rotation": 270, "texture": "#0"}
			}
		},
		{
			"from": [-8.34191, 12.39106, -1.97632],
			"to": [-3.34783, 12.39106, 18],
			"rotation": {"angle": 45, "axis": "z", "origin": [-1.39732, 7.16544, 8.01184]},
			"faces": {
				"up": {"uv": [0, 8, 2, 16], "texture": "#0"},
				"down": {"uv": [0, 16, 2, 8], "texture": "#0"}
			}
		},
		{
			"from": [-6.97251, 7.36353, -1.97632],
			"to": [-1.97843, 7.36353, 18],
			"rotation": {"angle": -22.5, "axis": "z", "origin": [-1.39732, 7.16544, 8.01184]},
			"faces": {
				"up": {"uv": [2, 8, 4, 16], "texture": "#0"},
				"down": {"uv": [2, 16, 4, 8], "texture": "#0"}
			}
		},
		{
			"from": [-1.85839, 7.56984, -1.97632],
			"to": [3.13569, 7.56984, 18],
			"rotation": {"angle": 0, "axis": "z", "origin": [-1.39732, 7.16544, 8.01184]},
			"faces": {
				"up": {"uv": [4, 8, 6, 16], "texture": "#0"},
				"down": {"uv": [4, 16, 6, 8], "texture": "#0"}
			}
		},
		{
			"from": [2.63549, 9.27468, -1.97632],
			"to": [7.62957, 9.27468, 18],
			"rotation": {"angle": -22.5, "axis": "z", "origin": [-1.39732, 7.16544, 8.01184]},
			"faces": {
				"up": {"uv": [6, 8, 8, 16], "texture": "#0"},
				"down": {"uv": [6, 16, 8, 8], "texture": "#0"}
			}
		},
		{
			"from": [-5.44884, -3.25253, -1.97632],
			"to": [-0.45476, -3.25253, 18],
			"rotation": {"angle": 22.5, "axis": "z", "origin": [1.49576, -8.47815, 8.01184]},
			"faces": {
				"up": {"uv": [8, 8, 10, 16], "texture": "#0"},
				"down": {"uv": [8, 16, 10, 8], "texture": "#0"}
			}
		},
		{
			"from": [-3.79858, -0.39624, -1.97632],
			"to": [1.1955, -0.39624, 18],
			"rotation": {"angle": 45, "axis": "z", "origin": [1.77662, -0.59434, 8.01184]},
			"faces": {
				"up": {"uv": [10, 8, 12, 16], "texture": "#0"},
				"down": {"uv": [10, 16, 12, 8], "texture": "#0"}
			}
		},
		{
			"from": [1.37151, -1.05471, -1.97632],
			"to": [1.37151, 3.93937, 18],
			"rotation": {"angle": -22.5, "axis": "z", "origin": [1.77591, -0.59363, 8.01184]},
			"faces": {
				"east": {"uv": [14, 8, 12, 16], "rotation": 90, "texture": "#0"},
				"west": {"uv": [14, 16, 12, 8], "rotation": 90, "texture": "#0"}
			}
		},
		{
			"from": [4.25061, 2.3658, -1.97632],
			"to": [9.24469, 2.3658, 18],
			"rotation": {"angle": 22.5, "axis": "z", "origin": [0.2178, 0.25655, 8.01184]},
			"faces": {
				"up": {"uv": [14, 8, 16, 16], "texture": "#0"},
				"down": {"uv": [14, 16, 16, 8], "texture": "#0"}
			}
		}
	],
	"display": {
		"thirdperson_righthand": {
			"rotation": [75, 45, 0],
			"translation": [0, 2.5, 0],
			"scale": [0.375, 0.375, 0.375]
		},
		"thirdperson_lefthand": {
			"rotation": [75, 45, 0],
			"translation": [0, 2.5, 0],
			"scale": [0.375, 0.375, 0.375]
		},
		"firstperson_righthand": {
			"rotation": [0, 45, 0],
			"scale": [0.4, 0.4, 0.4]
		},
		"firstperson_lefthand": {
			"rotation": [0, 225, 0],
			"scale": [0.4, 0.4, 0.4]
		},
		"ground": {
			"translation": [0, 3, 0],
			"scale": [0.25, 0.25, 0.25]
		},
		"gui": {
			"rotation": [-108.5, 180, 0],
			"translation": [0, -0.25, 0],
			"scale": [0.45, 0.45, 0.45]
		},
		"head": {
			"rotation": [112, 0, 0],
			"translation": [0, -11.5, 15.25],
			"scale": [2.5, 2.5, 2.5]
		},
		"fixed": {
			"scale": [0.5, 0.5, 0.5]
		}
	},
	"groups": [
		{
			"name": "left",
			"origin": [8, 8, 8],
			"color": 0,
			"children": [
				{
					"name": "1",
					"origin": [18.76642, 8.66061, 8],
					"color": 0,
					"children": [0, 1, 2, 3]
				},
				{
					"name": "2",
					"origin": [18.76642, 8.66061, 8],
					"color": 0,
					"children": [4, 5, 6, 7]
				},
				{
					"name": "3",
					"origin": [18.76642, 8.66061, 8],
					"color": 0,
					"children": [8, 9, 10, 11]
				},
				{
					"name": "4",
					"origin": [18.76642, 8.66061, 8],
					"color": 0,
					"children": [12, 13, 14, 15]
				}
			]
		},
		{
			"name": "left",
			"origin": [8, 8, 8],
			"color": 0,
			"children": [
				{
					"name": "1",
					"origin": [18.76642, 8.66061, 8],
					"color": 0,
					"children": [16, 17, 18, 19]
				},
				{
					"name": "2",
					"origin": [18.76642, 8.66061, 8],
					"color": 0,
					"children": [20, 21, 22, 23]
				},
				{
					"name": "3",
					"origin": [18.76642, 8.66061, 8],
					"color": 0,
					"children": [24, 25, 26, 27]
				},
				{
					"name": "4",
					"origin": [18.76642, 8.66061, 8],
					"color": 0,
					"children": [28, 29, 30, 31]
				}
			]
		}
	]
}