{
  "parent": "minecraft:item/handheld",
  "textures": {
    "layer0": "minecraft:weapons/swords/polksiezycowy-miecz"
  },
  	"gui_light": "front",
	"display": {
		"thirdperson_righthand": {
			"rotation": [0, 90, 45],
			"translation": [0, 9, 1],
			"scale": [1.75, 1.75, 1]
		},
		"thirdperson_lefthand": {
			"rotation": [0, 90, -45],
			"translation": [0, 9, 1],
			"scale": [1.75, 1.75, 1]
		},
		"ground": {
			"translation": [0, 0, 0],
			"scale": [0.5, 0.5, 0.5]
		}
	}
}
